shopping Mall,address
100 AM,100 AM Singapore
313@Somerset,313@Somerset Singapore
Aperia,Aperia Singapore
Balestier Hill Shopping Centre,Balestier Hill Shopping Centre Singapore
Bugis Cube,Bugis Cube Singapore
Bugis Junction,Bugis Junction Singapore
Bugis+,Bugis+ Singapore
Capitol Piazza,Capitol Piazza Singapore
Cathay Cineleisure Orchard,Cathay Cineleisure Orchard Singapore
Clarke Quay Central,Clarke Quay Central Singapore
The Centrepoint,The Centrepoint Singapore
City Square Mall,City Square Mall Singapore
City Gate Mall,City Gate Mall Singapore
CityLink Mall,CityLink Mall Singapore
Duo,Duo Singapore
Far East Plaza,Far East Plaza Singapore
Great World City,Great World City Singapore
HDB Hub,HDB Hub Singapore
Holland Village Shopping Mall,Holland Village Shopping Mall Singapore
ION Orchard,ION Orchard Singapore
Junction 8,Junction 8 Singapore
Knightsbridge[1],Knightsbridge[1] Singapore
Liang Court,Liang Court Singapore
Liat Towers,Liat Towers Singapore
Lucky Plaza,Lucky Plaza Singapore
Marina Bay Sands,Marina Bay Sands Singapore
The Shoppes at Marina Bay Sands,The Shoppes at Marina Bay Sands Singapore
Marina Bay Financial Centre Tower 3,Marina Bay Financial Centre Tower 3 Singapore
Marina Bay Link Mall,Marina Bay Link Mall Singapore
Marina One,Marina One Singapore
Marina Square,Marina Square Singapore
Millenia Walk,Millenia Walk Singapore
Mustafa Shopping Centre,Mustafa Shopping Centre Singapore
Ngee Ann City,Ngee Ann City Singapore
Orchard Central,Orchard Central Singapore
Orchard Gateway,Orchard Gateway Singapore
Orchard Plaza,Orchard Plaza Singapore
Orchard Midpoint,Orchard Midpoint Singapore
Orchard Shopping Centre,Orchard Shopping Centre Singapore
Palais Renaissance,Palais Renaissance Singapore
Paragon Shopping Centre,Paragon Shopping Centre Singapore
People's Park Centre,People's Park Centre Singapore
People's Park Complex,People's Park Complex Singapore
Plaza Singapura,Plaza Singapura Singapore
PoMo,PoMo Singapore
Raffles City,Raffles City Singapore
Scotts Square,Scotts Square Singapore
Serangoon Plaza,Serangoon Plaza Singapore
Shaw House and Centre,Shaw House and Centre Singapore
Sim Lim Square,Sim Lim Square Singapore
Singapore Shopping Centre,Singapore Shopping Centre Singapore
The South Beach,The South Beach Singapore
Square 2,Square 2 Singapore
Suntec City,Suntec City Singapore
Tanglin Mall,Tanglin Mall Singapore
Tangs,Tangs Singapore
Tanjong Pagar Centre,Tanjong Pagar Centre Singapore
Tekka Centre,Tekka Centre Singapore
The PoizÊ[2],The PoizÊ[2] Singapore
Thomson Plaza,Thomson Plaza Singapore
"United Square, The Kids Learning Mall","United Square, The Kids Learning Mall Singapore"
Velocity,Velocity Singapore
Wheelock Place,Wheelock Place Singapore
Wisma Atria,Wisma Atria Singapore
Zhongshan Mall,Zhongshan Mall Singapore
, Singapore
White Sands,White Sands Singapore
Downtown East,Downtown East Singapore
Century Square,Century Square Singapore
Tampines 1,Tampines 1 Singapore
Tampines Mall,Tampines Mall Singapore
Our Tampines Hub,Our Tampines Hub Singapore
Changi Airport,Changi Airport Singapore
Changi City Point,Changi City Point Singapore
Djitsun Mall Bedok,Djitsun Mall Bedok Singapore
Eastpoint Mall,Eastpoint Mall Singapore
Bedok Mall,Bedok Mall Singapore
Bedok Point,Bedok Point Singapore
Paya Lebar Square,Paya Lebar Square Singapore
Singapore Post Centre,Singapore Post Centre Singapore
One KM,One KM Singapore
112 Katong,112 Katong Singapore
Parkway Parade,Parkway Parade Singapore
City Plaza,City Plaza Singapore
Katong Square,Katong Square Singapore
Katong V,Katong V Singapore
Kallang Wave Mall,Kallang Wave Mall Singapore
Leisure Park Kallang,Leisure Park Kallang Singapore
East Village,East Village Singapore
Elias Mall,Elias Mall Singapore
Loyang Point,Loyang Point Singapore
The Flow,The Flow Singapore
888 Plaza,888 Plaza Singapore
Admiralty Place,Admiralty Place Singapore
AMK Hub,AMK Hub Singapore
Causeway Point,Causeway Point Singapore
Broadway Plaza,Broadway Plaza Singapore
Djitsun Mall,Djitsun Mall Singapore
Jubilee Square,Jubilee Square Singapore
Junction 9,Junction 9 Singapore
Marsiling Mall,Marsiling Mall Singapore
Northpoint City,Northpoint City Singapore
Sembawang Shopping Centre,Sembawang Shopping Centre Singapore
Sun Plaza,Sun Plaza Singapore
Wisteria Mall,Wisteria Mall Singapore
Woodlands Mart,Woodlands Mart Singapore
Waterway Point,Waterway Point Singapore
Compass One,Compass One Singapore
Hougang Mall,Hougang Mall Singapore
Heartland Mall,Heartland Mall Singapore
NEX,NEX Singapore
Greenwich V,Greenwich V Singapore
Hougang 1,Hougang 1 Singapore
Hougang Green Shopping Mall,Hougang Green Shopping Mall Singapore
myVillage @ Serangoon,myVillage @ Serangoon Singapore
Oasis Terraces,Oasis Terraces Singapore
Punggol Plaza,Punggol Plaza Singapore
Rivervale Mall,Rivervale Mall Singapore
Rivervale Plaza,Rivervale Plaza Singapore
The Seletar Mall,The Seletar Mall Singapore
The Midtown,The Midtown Singapore
Upper Serangoon Shopping Centre,Upper Serangoon Shopping Centre Singapore
Beauty World Centre,Beauty World Centre Singapore
Beauty World Plaza,Beauty World Plaza Singapore
Bukit Panjang Plaza,Bukit Panjang Plaza Singapore
Bukit Timah Plaza,Bukit Timah Plaza Singapore
Fajar Shopping Centre,Fajar Shopping Centre Singapore
Greenridge Shopping Centre,Greenridge Shopping Centre Singapore
Hillion Mall,Hillion Mall Singapore
HillV2,HillV2 Singapore
Junction 10,Junction 10 Singapore
Limbang Shopping Centre,Limbang Shopping Centre Singapore
Lot One,Lot One Singapore
Rail Mall,Rail Mall Singapore
Sunshine Place,Sunshine Place Singapore
Teck Whye Shopping Centre,Teck Whye Shopping Centre Singapore
West Mall,West Mall Singapore
Yew Tee Point,Yew Tee Point Singapore
Yew Tee Shopping Centre,Yew Tee Shopping Centre Singapore
Yew Tee Square,Yew Tee Square Singapore
Keat Hong Shopping Centre,Keat Hong Shopping Centre Singapore
KKH The Retail Mall,KKH The Retail Mall Singapore
VivoCity,VivoCity Singapore
HarbourFront Centre,HarbourFront Centre Singapore
Alexandra Retail Centre,Alexandra Retail Centre Singapore
321 Clementi,321 Clementi Singapore
The Clementi Mall,The Clementi Mall Singapore
IMM,IMM Singapore
JCube,JCube Singapore
Jem,Jem Singapore
Westgate Mall,Westgate Mall Singapore
Jurong Point,Jurong Point Singapore
Pioneer Mall,Pioneer Mall Singapore
The Star Vista,The Star Vista Singapore
Tiong Bahru Plaza,Tiong Bahru Plaza Singapore
Alexandra Central,Alexandra Central Singapore
Anchorpoint,Anchorpoint Singapore
Big Box,Big Box Singapore
OD Mall,OD Mall Singapore
Boon Lay Shopping Centre,Boon Lay Shopping Centre Singapore
Grantral Mall,Grantral Mall Singapore
Fairprice Hub,Fairprice Hub Singapore
Gek Poh Shopping Centre,Gek Poh Shopping Centre Singapore
Rochester Mall,Rochester Mall Singapore
Taman Jurong Shopping Centre,Taman Jurong Shopping Centre Singapore
West Coast Plaza,West Coast Plaza Singapore
Queensway Shopping Centre,Queensway Shopping Centre Singapore
